{
    "North America": {
        "Canada": {
            "British Columbia": {
                "Apex": {
                    "bot": 1570,
                    "mid": 1875,
                    "top": 2180,
                    "loc": [
                        49.38377,
                        -119.90541
                    ]
                },
                "Mt-Baldy-Ski-Area": {
                    "bot": 1663,
                    "mid": 1893,
                    "top": 2123,
                    "loc": [
                        49.15844,
                        -119.24117
                    ]
                },
                "Big-White": {
                    "bot": 1524,
                    "mid": 1905,
                    "top": 2286,
                    "loc": [
                        49.72680,
                        -118.93630
                    ]
                },
                "Cypress-Mountain": {
                    "bot": 826,
                    "mid": 1132,
                    "top": 1439,
                    "loc": [
                        49.397121,
                        -123.203750
                    ]
                },
                "Fairmont-Hot-Springs": {
                    "bot": 1219,
                    "mid": 1372,
                    "top": 1524,
                    "loc": [
                        50.33757,
                        -115.82641
                    ]
                },
                "Fernie": {
                    "bot": 1195,
                    "mid": 1560,
                    "top": 1925,
                    "loc": [
                        49.46175,
                        -115.08906
                    ]
                },
                "Grouse-Mountain": {
                    "bot": 881,
                    "mid": 1053,
                    "top": 1225,
                    "loc": [
                        49.38301,
                        -123.07386
                    ]
                },
                "Harper-Mountain": {
                    "bot": 1097,
                    "mid": 1310,
                    "top": 1524,
                    "loc": [
                        50.72084,
                        -120.13612
                    ]
                },
                "Hudson Bay Mountain": {
                    "bot": 1146,
                    "mid": 1411,
                    "top": 1676,
                    "loc": [
                        54.76886,
                        -127.26819
                    ]
                },
                "Kicking-Horse": {
                    "bot": 1190,
                    "mid": 1848,
                    "top": 2505,
                    "loc": [
                        51.28301,
                        -117.07413
                    ]
                },
                "Kimberley": {
                    "bot": 1231,
                    "mid": 1606,
                    "top": 1982,
                    "loc": [
                        49.68483,
                        -116.02719
                    ]
                },
                "Manning-Park-Resort": {
                    "bot": 1357,
                    "mid": 1572,
                    "top": 1788,
                    "loc": [
                        49.07410,
                        -120.91295
                    ]
                },
                "MountCain": {
                    "bot": 1311,
                    "mid": 1540,
                    "top": 1768,
                    "loc": [
                        50.22225,
                        -126.34612
                    ]
                },
                "Mount-Timothy-Ski-Area": {
                    "bot": 1378,
                    "mid": 1500,
                    "top": 1621,
                    "loc": [
                        51.91009,
                        -121.25318
                    ]
                },
                "Mount-Washington": {
                    "bot": 1084,
                    "mid": 1336,
                    "top": 1589,
                    "loc": [
                        49.74633,
                        -125.30287
                    ]
                },
                "Mount-Seymour": {
                    "bot": 936,
                    "mid": 1100,
                    "top": 1265,
                    "loc": [
                        49.36791,
                        -122.94849
                    ]
                },
                "Murray-Ridge": {
                    "bot": 611,
                    "mid": 876,
                    "top": 1141,
                    "loc": [
                        54.52450,
                        -124.20145
                    ]
                },
                "Panorama": {
                    "bot": 1181,
                    "mid": 1790,
                    "top": 2400,
                    "loc": [
                        50.44394,
                        -116.23010
                    ]
                },
                "PowderKing": {
                    "bot": 935,
                    "mid": 1255,
                    "top": 1575,
                    "loc": [
                        55.36415,
                        -122.63084
                    ]
                },
                "Red-Mountain": {
                    "bot": 1183,
                    "mid": 1628,
                    "top": 2073,
                    "loc": [
                        49.09824,
                        -117.82107
                    ]
                },
                "Revelstoke": {
                    "bot": 512,
                    "mid": 1368,
                    "top": 2225,
                    "loc": [
                        50.969393,
                        -118.126436
                    ]
                },
                "Sasquatch Mountain Resort": {
                    "bot": 975,
                    "mid": 1174,
                    "top": 1372,
                    "loc": [
                        49.38416,
                        -121.93861
                    ]
                },
                "ShamesMountain": {
                    "bot": 671,
                    "mid": 930,
                    "top": 1189,
                    "loc": [
                        54.49092,
                        -128.96205
                    ]
                },
                "Silver-Star": {
                    "bot": 1155,
                    "mid": 1536,
                    "top": 1916,
                    "loc": [
                        50.368745,
                        -119.063867
                    ]
                },
                "Summit-Lake-Ski-and-Snowboard-Area": {
                    "bot": 780,
                    "mid": 850,
                    "top": 920,
                    "loc": [
                        50.143678,
                        -117.615056
                    ]
                },
                "Sun-Peaks": {
                    "bot": 1186,
                    "mid": 1634,
                    "top": 2081,
                    "loc": [
                        50.89312,
                        -119.89892
                    ]
                },
                "Troll-Resort": {
                    "bot": 1118,
                    "mid": 1382,
                    "top": 1645,
                    "loc": [
                        53.07630,
                        -121.94197
                    ]
                },
                "Whistler-Whistler": {
                    "bot": 675,
                    "mid": 1480,
                    "top": 2284,
                    "loc": [
                        50.06916,
                        -122.94666
                    ]
                },
                "Whistler-Blackcomb": {
                    "bot": 675,
                    "mid": 1580,
                    "top": 2284,